model,cohen_kappa,matthews_corrcoef,log_loss,micro-accuracy,macro avg precision,macro avg recall,macro avg f1-score,weighted avg precision,weighted avg recall,weighted avg f1-score
Max-Pooling BERT,0.9039655172413792,0.9041965325910676,2.6989770741291115,0.9071666666666668,0.9135315487297724,0.9071666666666666,0.9069425365194768,0.9135315487297728,0.9071666666666668,0.906942536519477
Mean-Pooling BERT,0.896551724137931,0.896801368599215,2.3191338915148987,0.9,0.9067939358521409,0.8999999999999999,0.8997515516024228,0.9067939358521409,0.9,0.8997515516024226
Raw SVM,0.819071,0.821772,,0.825112,0.88103,0.824921,0.837734,0.880422,0.825112,0.837551
1-layer SDAE SVM,0.962888,0.962963,,0.964126,0.966423,0.964127,0.964198,0.966271,0.964126,0.96412
2-layers SDAE SVM,0.939691,0.939941,,0.941704,0.948037,0.941429,0.941132,0.94772,0.941704,0.941138
3-layers SDAE SVM,0.935053,0.935272,,0.93722,0.94355,0.936825,0.936844,0.943503,0.93722,0.937043
