,cohen_kappa,matthews_corrcoef,micro-accuracy,macro avg precision,macro avg recall,macro avg f1-score,weighted avg precision,weighted avg recall,weighted avg f1-score
Raw SVM,0.926552,0.926564,0.929000,0.929046,0.929000,0.928849,0.929046,0.929000,0.928849
1-layer SDAE SVM,0.920172,0.920192,0.922833,0.922889,0.922833,0.922583,0.922889,0.922833,0.922583
2-layers SDAE SVM,0.931207,0.931230,0.933500,0.933783,0.933500,0.933304,0.933783,0.933500,0.933304
3-layers SDAE SVM,0.926552,0.926573,0.929000,0.929107,0.929000,0.928746,0.929107,0.929000,0.928746