,cohen_kappa,matthews_corrcoef,log_loss,micro-accuracy,macro avg precision,macro avg recall,macro avg f1-score,weighted avg precision,weighted avg recall,weighted avg f1-score
max,0.9039655172413793,0.9041965325910677,2.6989770741291115,0.9071666666666667,0.9135315487297725,0.9071666666666666,0.9069425365194769,0.9135315487297727,0.9071666666666667,0.906942536519477
mean,0.896551724137931,0.896801368599215,2.3191338915148987,0.9,0.9067939358521409,0.8999999999999999,0.8997515516024228,0.9067939358521409,0.9,0.8997515516024226
